{
  "name": "Ch05-1. userProfile",
  "version": "1.0.0",
  "description": "This Lambda (01-userProfile01) return the current URI(user-profile)",
  "main": "index.js",
  "scripts": {
    "deploy": "aws lambda update-function-code --function-name arn:aws:lambda:ap-northeast-1:540197430709:function:02_userProfile01 --zip-file fileb://LambdaDeploy.zip",
    "predeploy": "zip -r LambdaDeploy.zip * -x  \"node_modules*\" \"*.zip\" \"*.json\" \"*.log\" \"*.md\" \"*.mov\" "
  },
  "author": "Joe Lee",
  "license": "MIT",
  "dependencies": {
    "ecdsa-sig-formatter": "^1.0.11",
    "jsonwebtoken": "^8.5.1",
    "request": "^2.88.2"
  }
}
